{
  "ABERTA": [
    0.5199559530206472,
    3.1562589583939467,
    3.073984495473467,
    2.556842371049841,
    -5.909410184025677,
    4.405103036996586,
    -5.3913590382006
  ],
  "FECHADA": [
    0.7657597487001586,
    2.7546118111884397,
    3.4638237210998826,
    4.932427079363326,
    9.198875504188754,
    -6.863548187488796,
    9.211639919578326
  ]
}